Title,Price
Диван Льери Мини Velvet Light,68240
Диван Нумо Velvet Yellow,38840
Диван Тут Рядом Дом Серо-графитовый,76640
Диван угловой Ройн Мини Velvet Olive,41990
Диван угловой Эби-1 Velvet Coral,76640
Диван Бруквиль Velvet Blue,52490
Диван Тут Рядом Космос Светло-Бежевый,115490
Диван Линс Velvet Navy Blue,34640
Диван Нумо Мини Textile Yellow,26240
Диван Байма Velvet Grey,73490
Диван угловой Беллер Textile Yellow,43040
Диван Нумо Velvet Grafit,38840
Диван Сваут Velvet Grey,68240
Диван Линс Velvet Grafit,34640
Диван Рейли Velvet Coral,32540
Диван Коренс Happy Grey,31490
Диван угловой Шера Velvet Light,104990
Диван Види Textile Ocean,25190
Диван угловой Нумо Velvet Yellow,49340
Диван Тут Рядом Дом Сине-бежевый,76640
Диван Сваут Velvet Mustard,68240
Модульный диван Сэндж 2 Textile Yellow,61920
Диван Нумо Мини Textile Light,26240
Диван Рейли Velvet Mint,32540
Диван Риббл-2 Bucle Lilac,72440
Диван угловой Маркфул Velvet Ocean,83990
Диван угловой Нумо Velvet Grey,49340
Диван Лонди Mima Pink,94490
Диван Байма Velvet Beige,73490
Диван угловой Аронт Мини Velvet Light,59840
Диван угловой Шера Velvet Olive,104990
Диван Тут Рядом Дом Розовый,76640
Диван угловой Лаберт Barhat Smoke,104990
Диван угловой Шера Velvet Terra,104990
Диван Самми Velvet Grey,29390
Диван угловой Аронт Мини Velvet Smoke,59840
Диван Массе Bucle White,70340
Диван Тут Рядом Космос Серый,115490
Диван Бонс-Т Velvet Mint,45140
Диван Мейлон Velvet Beige,49340
Модульный диван Нолан-W 1 Soft Milk,86080
Диван Массе Velvet Light,62990
Модульный диван Риббл-3 Bucle Forest,161670
Диван Мисл Barhat Mint,78740
Диван Коренс Bucle White,37790
Диван Картос Velvet Beige,52490
Модульный диван Нолан-B 1 Soft Grafit,86080
Диван угловой Мейлон Velvet Beige,52490
Модульный диван Нолан-B 1 Soft Milk,86080
Диван Роттердам-3 Velvet Silver,33590
Диван угловой Шера Velvet Blue,104990
Диван Талас Velvet Smoke,41990
Диван Картос Velvet Stone,52490
Модульный диван Нолан-W 1 Soft Latte,86080
Диван Бонс-Т Velvet Navy Blue,45140
Диван Виена Bucle Green,94490
Диван угловой Мейлон Velvet Terra,52490
